gene_symbol,aliases,expression_level,celltype,relative_to,tissue,species,condition,assay,confidence,date_added,references,notes
MS4A1,,Increased,B,Leukocyte,PBMC,Homo sapiens,,GEX,high,10/16/24,https://doi.org/10.3390/ijms25073828; https://doi.org/10.3389/fimmu.2023.1223471; https://doi.org/10.1038/s41587-020-0465-8,cellxgene
CD19,,Increased,B,Leukocyte,PBMC,Homo sapiens,,GEX,high,10/22/24,https://doi.org/10.1002/eji.201747168; https://doi.org/10.1038/s41587-020-0465-8; https://doi.org/10.3389/fimmu.2023.1223471,cellxgene
CD20,,Increased,B,Leukocyte,PBMC,Homo sapiens,,GEX,,10/22/24,https://doi.org/10.1002/eji.201747168; https://doi.org/10.3389/fimmu.2023.1223471,missing
CD79A,,Increased,B,Leukocyte,PBMC,Homo sapiens,,GEX,high,10/22/24,https://doi.org/10.3389/fimmu.2023.1223471; https://doi.org/10.1038/s41587-020-0465-8,cellxgene
CD79B,,Increased,B,Leukocyte,PBMC,Homo sapiens,,GEX,high,10/22/24,https://doi.org/10.3389/fimmu.2023.1223471; https://doi.org/10.1038/s41587-020-0465-8,cellxgene
AFF3,,Increased,B,Leukocyte,PBMC,Homo sapiens,,GEX,med,10/22/24,https://doi.org/10.3389/fimmu.2023.1223471,
BANK1,,Increased,B,Leukocyte,PBMC,Homo sapiens,,GEX,high,10/22/24,https://doi.org/10.3389/fimmu.2023.1223471,
BLK,,Increased,B,Leukocyte,PBMC,Homo sapiens,,GEX,high,10/22/24,https://doi.org/10.3389/fimmu.2023.1223471,
BTLA,,Increased,B,Leukocyte,PBMC,Homo sapiens,,GEX,med,10/22/24,https://doi.org/10.3389/fimmu.2023.1223471,
CD138,,Increased,B,Leukocyte,PBMC,Homo sapiens,,GEX,,10/22/24,https://doi.org/10.3389/fimmu.2023.1223471,missing
MZB1,,Increased,B,Leukocyte,PBMC,Homo sapiens,,GEX,archived,10/22/24,https://doi.org/10.3389/fimmu.2023.1223471; https://doi.org/10.1038/s41587-020-0465-8,
IGHM,,Increased,B,Leukocyte,PBMC,Homo sapiens,,GEX,high,10/22/24,https://doi.org/10.3389/fimmu.2023.1223471,
IGHG3,,Increased,B,Leukocyte,PBMC,Homo sapiens,,GEX,med,10/22/24,https://doi.org/10.3389/fimmu.2023.1223471,
IGHA2,,Increased,B,Leukocyte,PBMC,Homo sapiens,,GEX,low,10/22/24,https://doi.org/10.3389/fimmu.2023.1223471,
MME,,Increased,B transitional,Leukocyte,PBMC,Homo sapiens,,GEX,low,10/23/24,https://www.sc-best-practices.org/cellular_structure/annotation.html,cellxgene
CD38,,Increased,B transitional,Leukocyte,PBMC,Homo sapiens,,GEX,,10/23/24,https://www.sc-best-practices.org/cellular_structure/annotation.html,
CD24,,Increased,B transitional,Leukocyte,PBMC,Homo sapiens,,GEX,,10/23/24,https://www.sc-best-practices.org/cellular_structure/annotation.html,
ACSM3,,Increased,B transitional,Leukocyte,PBMC,Homo sapiens,,GEX,,10/23/24,https://www.sc-best-practices.org/cellular_structure/annotation.html,
MSI2,,Increased,B transitional,Leukocyte,PBMC,Homo sapiens,,GEX,,10/23/24,https://www.sc-best-practices.org/cellular_structure/annotation.html,
FCER1A,,Increased,Basophil,Leukocyte,PBMC,Homo sapiens,,GEX,,9/9/24,https://doi.org/10.1101/2024.08.14.607767,
HDC,,Increased,Basophil,Leukocyte,PBMC,Homo sapiens,,GEX,,9/9/24,https://doi.org/10.1101/2024.08.14.607767,
MS4A2,,Increased,Basophil,Leukocyte,PBMC,Homo sapiens,,GEX,,9/9/24,https://doi.org/10.1101/2024.08.14.607767,
CCR7,,Increased,CD4+ naive T,Leukocyte,PBMC,Homo sapiens,,GEX,low,10/23/24,https://www.sc-best-practices.org/cellular_structure/annotation.html,cellxgene
IL7R,,Increased,CD4+ T,Leukocyte,PBMC,Homo sapiens,,GEX,high,9/9/24,https://doi.org/10.1038/s41587-020-0465-8,cellxgene
CD4,,Increased,CD4+ T,Leukocyte,PBMC,Homo sapiens,,GEX,high,10/16/24,https://doi.org/10.3390/ijms25073828,cellxgene
CD27,,Increased,CD4+ T,Leukocyte,PBMC,Homo sapiens,,GEX,med,11/1/24,https://doi.org/10.1038/s41587-020-0465-8,cellxgene
IL7R,,Increased,CD4+ T,CD8+ T,PBMC,Homo sapiens,,GEX,med,11/1/24,cellxgene,cellxgene
CD8A,,Decreased,CD4+ T,CD8+ T,PBMC,Homo sapiens,,GEX,high,11/1/24,https://doi.org/10.1038/s41587-020-0465-8,cellxgene
CD8B,,Decreased,CD4+ T,CD8+ T,PBMC,Homo sapiens,,GEX,high,11/1/24,https://doi.org/10.1038/s41587-020-0465-8,cellxgene
GNLY,,Decreased,CD4+ T,CD8+ T,PBMC,Homo sapiens,,GEX,high,11/1/24,https://doi.org/10.1038/s41587-020-0465-8,cellxgene
NKG7,,Decreased,CD4+ T,CD8+ T,PBMC,Homo sapiens,,GEX,high,11/1/24,https://doi.org/10.1038/s41587-020-0465-8,cellxgene
CST7,,Decreased,CD4+ T,CD8+ T,PBMC,Homo sapiens,,GEX,low,11/1/24,https://doi.org/10.1038/s41587-020-0465-8,cellxgene
CD8A,,Increased,CD8+ T,Leukocyte,PBMC,Homo sapiens,,GEX,high,10/16/24,https://doi.org/10.3390/ijms25073828,cellxgene
GZMA,,Increased,CD8+ T,Leukocyte,PBMC,Homo sapiens,,GEX,high,10/23/24,https://www.sc-best-practices.org/cellular_structure/annotation.html,cellxgene
GZMB,,Increased,CD8+ T,Leukocyte,PBMC,Homo sapiens,,GEX,high,10/23/24,https://www.sc-best-practices.org/cellular_structure/annotation.html,cellxgene
GZMH,,Increased,CD8+ T,Leukocyte,PBMC,Homo sapiens,,GEX,high,10/23/24,https://www.sc-best-practices.org/cellular_structure/annotation.html,cellxgene
CD8A,,Increased,CD8+ T,Leukocyte,PBMC,Homo sapiens,,GEX,high,11/1/24,https://doi.org/10.1038/s41587-020-0465-8,cellxgene
CD8B,,Increased,CD8+ T,Leukocyte,PBMC,Homo sapiens,,GEX,high,11/1/24,https://doi.org/10.1038/s41587-020-0465-8,cellxgene
GZMK,,Increased,CD8+ T,Leukocyte,PBMC,Homo sapiens,,GEX,low,11/1/24,https://doi.org/10.1038/s41587-020-0465-8,cellxgene
CCL5,,Increased,CD8+ T,Leukocyte,PBMC,Homo sapiens,,GEX,high,11/1/24,https://doi.org/10.1038/s41587-020-0465-8,cellxgene
NKG7,,Increased,CD8+ T,Leukocyte,PBMC,Homo sapiens,,GEX,high,11/1/24,https://doi.org/10.1038/s41587-020-0465-8,cellxgene
CD4,,Decreased,CD8+ T,CD4+ T,PBMC,Homo sapiens,,GEX,high,11/1/24,https://doi.org/10.1038/s41587-020-0465-8,cellxgene
CLEC9A,,Increased,cDC1,Leukocyte,PBMC,Homo sapiens,,GEX,archived,10/23/24,https://www.sc-best-practices.org/cellular_structure/annotation.html,cellxgene
CADM1,,Increased,cDC1,Leukocyte,PBMC,Homo sapiens,,GEX,archived,10/23/24,https://www.sc-best-practices.org/cellular_structure/annotation.html,cellxgene
CD14,,Increased,Classical monocyte,Leukocyte,PBMC,Homo sapiens,,GEX,high,11/1/24,https://doi.org/10.3390/ijms25073828; https://doi.org/10.1038/s41587-020-0465-8,cellxgene
FCGR3A,,Decreased,Classical monocyte,Non-classical monocyte,PBMC,Homo sapiens,,GEX,high,10/16/24,https://doi.org/10.3390/ijms25073828; https://doi.org/10.3389/fimmu.2023.1223471,cellxgene
VCAN,,Increased,Classical monocyte,Leukocyte,PBMC,Homo sapiens,,GEX,high,11/1/24,https://doi.org/10.1038/s41587-020-0465-8,cellxgene
S100A8,,Increased,Classical monocyte,Leukocyte,PBMC,Homo sapiens,,GEX,high,11/1/24,https://doi.org/10.1038/s41587-020-0465-8,cellxgene
S100A9,,Increased,Classical monocyte,Leukocyte,PBMC,Homo sapiens,,GEX,high,11/1/24,https://doi.org/10.1038/s41587-020-0465-8,cellxgene
ITGAL,,Increased,Classical monocyte,Leukocyte,PBMC,Homo sapiens,,GEX,low,11/1/24,https://doi.org/10.1038/s41587-020-0465-8,cellxgene
ITGAM,,Increased,Classical monocyte,Leukocyte,PBMC,Homo sapiens,,GEX,archived,11/1/24,https://doi.org/10.1038/s41587-020-0465-8,cellxgene
CSF3R,,Increased,Classical monocyte,Leukocyte,PBMC,Homo sapiens,,GEX,med,11/1/24,https://doi.org/10.1038/s41587-020-0465-8,cellxgene
CX3CR1,,Increased,Classical monocyte,Leukocyte,PBMC,Homo sapiens,,GEX,archived,11/1/24,https://doi.org/10.1038/s41587-020-0465-8,cellxgene
LYZ,,Increased,Classical monocyte,Non-classical monocyte,PBMC,Homo sapiens,,GEX,med,11/1/24,https://doi.org/10.1038/s41587-020-0465-8,cellxgene
S100A12,,Increased,Classical monocyte,Leukocyte,PBMC,Homo sapiens,,GEX,high,11/1/24,https://doi.org/10.1038/s41587-020-0465-8,cellxgene
HLA-DRB5,,Increased,Classical monocyte,Myeloid,PBMC,Homo sapiens,,GEX,med,11/1/24,cellxgene,cellxgene
FCER1A,,Increased,Dendritic,Leukocyte,PBMC,Homo sapiens,,GEX,med,9/9/24,https://scanpy.readthedocs.io/en/stable/tutorials/basics/clustering-2017.html#finding-marker-genes,cellxgene
CD1C,,Increased,Dendritic,Leukocyte,PBMC,Homo sapiens,,GEX,med,10/22/24,https://doi.org/10.3389/fimmu.2023.1223471,cellxgene
BATF3,,Increased,Dendritic,Leukocyte,PBMC,Homo sapiens,,GEX,archived,10/22/24,https://doi.org/10.3389/fimmu.2023.1223471,cellxgene
THBD,,Increased,Dendritic,Leukocyte,PBMC,Homo sapiens,,GEX,archived,10/22/24,https://doi.org/10.3389/fimmu.2023.1223471,cellxgene
CD209,,Increased,Dendritic,Leukocyte,PBMC,Homo sapiens,,GEX,archived,10/22/24,https://doi.org/10.3389/fimmu.2023.1223471,cellxgene
CSF2RA,,Increased,Dendritic,Leukocyte,PBMC,Homo sapiens,,GEX,archived,10/22/24,https://doi.org/10.3389/fimmu.2023.1223471,cellxgene
HLA-DRB1,,Increased,Dendritic,Leukocyte,PBMC,Homo sapiens,,GEX,high,10/22/24,https://doi.org/10.3389/fimmu.2023.1223471,cellxgene
HLA-DQB1,,Increased,Dendritic,Leukocyte,PBMC,Homo sapiens,,GEX,high,10/22/24,https://doi.org/10.3389/fimmu.2023.1223471,cellxgene
LDLRAD4,,Increased,Dendritic,Leukocyte,PBMC,Homo sapiens,,GEX,archived,10/22/24,https://doi.org/10.3389/fimmu.2023.1223471,cellxgene
HLA-DRB5,,Increased,Dendritic,Leukocyte,PBMC,Homo sapiens,,GEX,high,10/22/24,https://doi.org/10.3389/fimmu.2023.1223471,cellxgene
RALA,,Increased,Dendritic,Leukocyte,PBMC,Homo sapiens,,GEX,archived,10/22/24,https://doi.org/10.3389/fimmu.2023.1223471,cellxgene
HLA-DRB6,,Increased,Dendritic,Leukocyte,PBMC,Homo sapiens,,GEX,archived,10/22/24,https://doi.org/10.3389/fimmu.2023.1223471,cellxgene
AXL,,Increased,Dendritic,Leukocyte,PBMC,Homo sapiens,,GEX,low,10/22/24,https://doi.org/10.3389/fimmu.2023.1223471,cellxgene
CD86,,Increased,Dendritic,Leukocyte,PBMC,Homo sapiens,,GEX,archived,10/22/24,https://doi.org/10.3389/fimmu.2023.1223471,cellxgene
FCER1A,,Increased,Dendritic,Leukocyte,PBMC,Homo sapiens,,GEX,med,10/22/24,https://doi.org/10.3389/fimmu.2023.1223471,cellxgene
CPVL,,Increased,Dendritic,Leukocyte,PBMC,Homo sapiens,,GEX,archived,10/22/24,https://doi.org/10.3389/fimmu.2023.1223471,cellxgene
CD123,CD123,Increased,Dendritic,Leukocyte,PBMC,Homo sapiens,,GEX,archived,10/22/24,https://doi.org/10.3389/fimmu.2023.1223471,cellxgene
CD103,CD103,Increased,Dendritic,Leukocyte,PBMC,Homo sapiens,,GEX,archived,10/22/24,https://doi.org/10.3389/fimmu.2023.1223471,cellxgene
CD1E,,Increased,Dendritic,Leukocyte,PBMC,Homo sapiens,,GEX,archived,10/22/24,https://doi.org/10.3389/fimmu.2023.1223471,cellxgene
CD1A,,Increased,Dendritic,Leukocyte,PBMC,Homo sapiens,,GEX,archived,10/22/24,https://doi.org/10.3389/fimmu.2023.1223471,cellxgene
SIGLEC1,,Increased,Dendritic,Leukocyte,PBMC,Homo sapiens,,GEX,archived,10/22/24,https://doi.org/10.3389/fimmu.2023.1223471,cellxgene
UBD,,Increased,Dendritic,Leukocyte,PBMC,Homo sapiens,,GEX,archived,10/22/24,https://doi.org/10.3389/fimmu.2023.1223471,cellxgene
CSF2RA,,Increased,Dendritic,Leukocyte,PBMC,Homo sapiens,,GEX,archived,10/22/24,https://doi.org/10.3389/fimmu.2023.1223471,cellxgene
GPR109B,,Increased,Dendritic,Leukocyte,PBMC,Homo sapiens,,GEX,archived,10/22/24,https://doi.org/10.3389/fimmu.2023.1223471,cellxgene
SIGLEC5,,Increased,Dendritic,Leukocyte,PBMC,Homo sapiens,,GEX,archived,10/22/24,https://doi.org/10.3389/fimmu.2023.1223471,cellxgene
HLA-DPB1,,Increased,Dendritic,Leukocyte,PBMC,Homo sapiens,,GEX,high,11/1/24,https://doi.org/10.1038/s41587-020-0465-8; https://doi.org/10.3389/fimmu.2023.1223471,cellxgene
HLA-DPA1,,Increased,Dendritic,Myeloid,PBMC,Homo sapiens,,GEX,high,11/1/24,https://doi.org/10.1038/s41587-020-0465-8; https://doi.org/10.3389/fimmu.2023.1223471,cellxgene
HLA-DQA1,,Increased,Dendritic,Myeloid,PBMC,Homo sapiens,,GEX,high,11/1/24,https://doi.org/10.1038/s41587-020-0465-8; https://doi.org/10.3389/fimmu.2023.1223471,cellxgene
CD1C,,Increased,Dendritic,Leukocyte,PBMC,Homo sapiens,,GEX,med,11/1/24,https://doi.org/10.1038/s41587-020-0465-8,cellxgene
FCER1A,,Increased,Dendritic,Leukocyte,PBMC,Homo sapiens,,GEX,med,11/1/24,https://doi.org/10.1038/s41587-020-0465-8,cellxgene
CLEC10A,,Increased,Dendritic,Leukocyte,PBMC,Homo sapiens,,GEX,med,11/1/24,https://doi.org/10.1038/s41587-020-0465-8,cellxgene
FCGR2B,,Increased,Dendritic,Leukocyte,PBMC,Homo sapiens,,GEX,archived,11/1/24,https://doi.org/10.1038/s41587-020-0465-8,cellxgene
HLA-DRA,,Increased,Dendritic,Myeloid,PBMC,Homo sapiens,,GEX,med,11/1/24,cellxgene,cellxgene
CD34,,Increased,HSPC,Leukocyte,PBMC,Homo sapiens,,GEX,,10/16/24,https://doi.org/10.3390/ijms25073828,
IRF8,,Increased,ILC,Leukocyte,PBMC,Homo sapiens,,GEX,,10/22/24,https://doi.org/10.3389/fimmu.2023.1223471,
PLD4,,Increased,ILC,Leukocyte,PBMC,Homo sapiens,,GEX,,10/22/24,https://doi.org/10.3389/fimmu.2023.1223471,
IRF7,,Increased,ILC,Leukocyte,PBMC,Homo sapiens,,GEX,,10/22/24,https://doi.org/10.3389/fimmu.2023.1223471,
LILRA4,,Increased,ILC,Leukocyte,PBMC,Homo sapiens,,GEX,,10/22/24,https://doi.org/10.3389/fimmu.2023.1223471,
TCF4,,Increased,ILC,Leukocyte,PBMC,Homo sapiens,,GEX,,10/22/24,https://doi.org/10.3389/fimmu.2023.1223471,
SERPINF1,,Increased,ILC,Leukocyte,PBMC,Homo sapiens,,GEX,,10/22/24,https://doi.org/10.3389/fimmu.2023.1223471,
CCDC50,,Increased,ILC,Leukocyte,PBMC,Homo sapiens,,GEX,,10/22/24,https://doi.org/10.3389/fimmu.2023.1223471,
UGCG,,Increased,ILC,Leukocyte,PBMC,Homo sapiens,,GEX,,10/22/24,https://doi.org/10.3389/fimmu.2023.1223471,
APP,,Increased,ILC,Leukocyte,PBMC,Homo sapiens,,GEX,,10/22/24,https://doi.org/10.3389/fimmu.2023.1223471,
PPP1R14B,,Increased,ILC,Leukocyte,PBMC,Homo sapiens,,GEX,,10/22/24,https://doi.org/10.3389/fimmu.2023.1223471,
IRF4,,Increased,ILC,Leukocyte,PBMC,Homo sapiens,,GEX,,10/22/24,https://doi.org/10.3389/fimmu.2023.1223471,
TSPAN13,,Increased,ILC,Leukocyte,PBMC,Homo sapiens,,GEX,,10/22/24,https://doi.org/10.3389/fimmu.2023.1223471,
SPIB,,Increased,ILC,Leukocyte,PBMC,Homo sapiens,,GEX,,10/22/24,https://doi.org/10.3389/fimmu.2023.1223471,
TPM2,,Increased,ILC,Leukocyte,PBMC,Homo sapiens,,GEX,,10/22/24,https://doi.org/10.3389/fimmu.2023.1223471,
LILRB4,,Increased,ILC,Leukocyte,PBMC,Homo sapiens,,GEX,,10/22/24,https://doi.org/10.3389/fimmu.2023.1223471,
LRRC26,,Increased,ILC,Leukocyte,PBMC,Homo sapiens,,GEX,,10/22/24,https://doi.org/10.3389/fimmu.2023.1223471,
BCL11A,,Increased,ILC,Leukocyte,PBMC,Homo sapiens,,GEX,,10/22/24,https://doi.org/10.3389/fimmu.2023.1223471,
SOX4,,Increased,ILC,Leukocyte,PBMC,Homo sapiens,,GEX,,10/22/24,https://doi.org/10.3389/fimmu.2023.1223471,
KRT86,,Increased,ILC,Leukocyte,PBMC,Homo sapiens,,GEX,,10/22/24,https://doi.org/10.3389/fimmu.2023.1223471,
KRT81,,Increased,ILC,Leukocyte,PBMC,Homo sapiens,,GEX,,10/22/24,https://doi.org/10.3389/fimmu.2023.1223471,
IL23R,,Increased,ILC,Leukocyte,PBMC,Homo sapiens,,GEX,,10/22/24,https://doi.org/10.3389/fimmu.2023.1223471,
PCDH9,,Increased,ILC,Leukocyte,PBMC,Homo sapiens,,GEX,,10/22/24,https://doi.org/10.3389/fimmu.2023.1223471,
DLL1,,Increased,ILC,Leukocyte,PBMC,Homo sapiens,,GEX,,10/22/24,https://doi.org/10.3389/fimmu.2023.1223471,
RORC,,Increased,ILC,Leukocyte,PBMC,Homo sapiens,,GEX,,10/22/24,https://doi.org/10.3389/fimmu.2023.1223471,
PDZK1,,Increased,ILC,Leukocyte,PBMC,Homo sapiens,,GEX,,10/22/24,https://doi.org/10.3389/fimmu.2023.1223471,
TNFSF11,,Increased,ILC,Leukocyte,PBMC,Homo sapiens,,GEX,,10/22/24,https://doi.org/10.3389/fimmu.2023.1223471,
ENPP1,,Increased,ILC,Leukocyte,PBMC,Homo sapiens,,GEX,,10/22/24,https://doi.org/10.3389/fimmu.2023.1223471,
B3GALT5,,Increased,ILC,Leukocyte,PBMC,Homo sapiens,,GEX,,10/22/24,https://doi.org/10.3389/fimmu.2023.1223471,
NCR2,,Increased,ILC,Leukocyte,PBMC,Homo sapiens,,GEX,,10/22/24,https://doi.org/10.3389/fimmu.2023.1223471,
LIF,,Increased,ILC,Leukocyte,PBMC,Homo sapiens,,GEX,,10/22/24,https://doi.org/10.3389/fimmu.2023.1223471,
IL4I1,,Increased,ILC,Leukocyte,PBMC,Homo sapiens,,GEX,,10/22/24,https://doi.org/10.3389/fimmu.2023.1223471,
SLC4A10,,Increased,ILC,Leukocyte,PBMC,Homo sapiens,,GEX,,10/22/24,https://doi.org/10.3389/fimmu.2023.1223471,
HOXA9,,Increased,ILC,Leukocyte,PBMC,Homo sapiens,,GEX,,10/22/24,https://doi.org/10.3389/fimmu.2023.1223471,
CSF2,,Increased,ILC,Leukocyte,PBMC,Homo sapiens,,GEX,,10/22/24,https://doi.org/10.3389/fimmu.2023.1223471,
TLE1,,Increased,ILC,Leukocyte,PBMC,Homo sapiens,,GEX,,10/22/24,https://doi.org/10.3389/fimmu.2023.1223471,
TNFSF4,,Increased,ILC,Leukocyte,PBMC,Homo sapiens,,GEX,,10/22/24,https://doi.org/10.3389/fimmu.2023.1223471,
IL1R1,,Increased,ILC,Leukocyte,PBMC,Homo sapiens,,GEX,,10/22/24,https://doi.org/10.3389/fimmu.2023.1223471,
B3GNT7,,Increased,ILC,Leukocyte,PBMC,Homo sapiens,,GEX,,10/22/24,https://doi.org/10.3389/fimmu.2023.1223471,
AMFR,,Increased,ILC,Leukocyte,PBMC,Homo sapiens,,GEX,,10/22/24,https://doi.org/10.3389/fimmu.2023.1223471,
HIF3A,,Increased,ILC,Leukocyte,PBMC,Homo sapiens,,GEX,,10/22/24,https://doi.org/10.3389/fimmu.2023.1223471,
MTRNR2L6,,Increased,ILC,Leukocyte,PBMC,Homo sapiens,,GEX,,10/22/24,https://doi.org/10.3389/fimmu.2023.1223471,
MTRNR2L10,,Increased,ILC,Leukocyte,PBMC,Homo sapiens,,GEX,,10/22/24,https://doi.org/10.3389/fimmu.2023.1223471,
LTB,,Increased,ILC,Leukocyte,PBMC,Homo sapiens,,GEX,,10/22/24,https://doi.org/10.3389/fimmu.2023.1223471,
MTRNR2L1,,Increased,ILC,Leukocyte,PBMC,Homo sapiens,,GEX,,10/22/24,https://doi.org/10.3389/fimmu.2023.1223471,
ID2,,Increased,ILC,Leukocyte,PBMC,Homo sapiens,,GEX,,10/23/24,https://www.sc-best-practices.org/cellular_structure/annotation.html,
PLCG2,,Increased,ILC,Leukocyte,PBMC,Homo sapiens,,GEX,,10/23/24,https://www.sc-best-practices.org/cellular_structure/annotation.html,
GNLY,,Increased,ILC,Leukocyte,PBMC,Homo sapiens,,GEX,,10/23/24,https://www.sc-best-practices.org/cellular_structure/annotation.html,
SYNE1,,Increased,ILC,Leukocyte,PBMC,Homo sapiens,,GEX,,10/23/24,https://www.sc-best-practices.org/cellular_structure/annotation.html,
STAB1,,Increased,Intermediate monocyte,Leukocyte,PBMC,Homo sapiens,,GEX,med,10/22/24,https://doi.org/10.3389/fimmu.2023.1223471,cellxgene
CPV,,Increased,Intermediate monocyte,Leukocyte,PBMC,Homo sapiens,,GEX,archived,10/31/24,https://pmc.ncbi.nlm.nih.gov/articles/PMC6728754/,cellxgene
VPREB1,,Increased,Lymphocyte progenitor,Leukocyte,PBMC,Homo sapiens,,GEX,,10/23/24,https://www.sc-best-practices.org/cellular_structure/annotation.html,
MME,,Increased,Lymphocyte progenitor,Leukocyte,PBMC,Homo sapiens,,GEX,,10/23/24,https://www.sc-best-practices.org/cellular_structure/annotation.html,
EBF1,,Increased,Lymphocyte progenitor,Leukocyte,PBMC,Homo sapiens,,GEX,,10/23/24,https://www.sc-best-practices.org/cellular_structure/annotation.html,
SSBP2,,Increased,Lymphocyte progenitor,Leukocyte,PBMC,Homo sapiens,,GEX,,10/23/24,https://www.sc-best-practices.org/cellular_structure/annotation.html,
BACH2,,Increased,Lymphocyte progenitor,Leukocyte,PBMC,Homo sapiens,,GEX,,10/23/24,https://www.sc-best-practices.org/cellular_structure/annotation.html,
CD79B,,Increased,Lymphocyte progenitor,Leukocyte,PBMC,Homo sapiens,,GEX,,10/23/24,https://www.sc-best-practices.org/cellular_structure/annotation.html,
PRKCE,,Increased,Lymphocyte progenitor,Leukocyte,PBMC,Homo sapiens,,GEX,,10/23/24,https://www.sc-best-practices.org/cellular_structure/annotation.html,
DNTT,,Increased,Lymphocyte progenitor,Leukocyte,PBMC,Homo sapiens,,GEX,,10/23/24,https://www.sc-best-practices.org/cellular_structure/annotation.html,
IGLL1,,Increased,Lymphocyte progenitor,Leukocyte,PBMC,Homo sapiens,,GEX,,10/23/24,https://www.sc-best-practices.org/cellular_structure/annotation.html,
APOE,,Increased,Macrophage,Leukocyte,PBMC,Homo sapiens,,GEX,,10/22/24,https://doi.org/10.3389/fimmu.2023.1223471,
APOC1,,Increased,Macrophage,Leukocyte,PBMC,Homo sapiens,,GEX,,10/22/24,https://doi.org/10.3389/fimmu.2023.1223471,
C1QB,,Increased,Macrophage,Leukocyte,PBMC,Homo sapiens,,GEX,,10/22/24,https://doi.org/10.3389/fimmu.2023.1223471,
C1QC,,Increased,Macrophage,Leukocyte,PBMC,Homo sapiens,,GEX,,10/22/24,https://doi.org/10.3389/fimmu.2023.1223471,
RNASE1,,Increased,Macrophage,Leukocyte,PBMC,Homo sapiens,,GEX,,10/22/24,https://doi.org/10.3389/fimmu.2023.1223471,
ACP5,,Increased,Macrophage,Leukocyte,PBMC,Homo sapiens,,GEX,,10/22/24,https://doi.org/10.3389/fimmu.2023.1223471,
GPNMB,,Increased,Macrophage,Leukocyte,PBMC,Homo sapiens,,GEX,,10/22/24,https://doi.org/10.3389/fimmu.2023.1223471,
PLD3,,Increased,Macrophage,Leukocyte,PBMC,Homo sapiens,,GEX,,10/22/24,https://doi.org/10.3389/fimmu.2023.1223471,
CTSB,,Increased,Macrophage,Leukocyte,PBMC,Homo sapiens,,GEX,,10/22/24,https://doi.org/10.3389/fimmu.2023.1223471,
PLTP,,Increased,Macrophage,Leukocyte,PBMC,Homo sapiens,,GEX,,10/22/24,https://doi.org/10.3389/fimmu.2023.1223471,
CD9,,Increased,Macrophage,Leukocyte,PBMC,Homo sapiens,,GEX,,10/22/24,https://doi.org/10.3389/fimmu.2023.1223471,
PRDX1,,Increased,Macrophage,Leukocyte,PBMC,Homo sapiens,,GEX,,10/22/24,https://doi.org/10.3389/fimmu.2023.1223471,
CTSZ,,Increased,Macrophage,Leukocyte,PBMC,Homo sapiens,,GEX,,10/22/24,https://doi.org/10.3389/fimmu.2023.1223471,
DAB2,,Increased,Macrophage,Leukocyte,PBMC,Homo sapiens,,GEX,,10/22/24,https://doi.org/10.3389/fimmu.2023.1223471,
CD63,,Increased,Macrophage,Leukocyte,PBMC,Homo sapiens,,GEX,,10/22/24,https://doi.org/10.3389/fimmu.2023.1223471,
CD81,,Increased,Macrophage,Leukocyte,PBMC,Homo sapiens,,GEX,,10/22/24,https://doi.org/10.3389/fimmu.2023.1223471,
LIPA,,Increased,Macrophage,Leukocyte,PBMC,Homo sapiens,,GEX,,10/22/24,https://doi.org/10.3389/fimmu.2023.1223471,
GLUL,,Increased,Macrophage,Leukocyte,PBMC,Homo sapiens,,GEX,,10/22/24,https://doi.org/10.3389/fimmu.2023.1223471,
SLCO2B1,,Increased,Macrophage,Leukocyte,PBMC,Homo sapiens,,GEX,,10/22/24,https://doi.org/10.3389/fimmu.2023.1223471,
CREG1,,Increased,Macrophage,Leukocyte,PBMC,Homo sapiens,,GEX,,10/22/24,https://doi.org/10.3389/fimmu.2023.1223471,
LGALS3,,Increased,Macrophage,Leukocyte,PBMC,Homo sapiens,,GEX,,10/22/24,https://doi.org/10.3389/fimmu.2023.1223471,
LAMP1,,Increased,Macrophage,Leukocyte,PBMC,Homo sapiens,,GEX,,10/22/24,https://doi.org/10.3389/fimmu.2023.1223471,
MARCO,,Increased,Macrophage,Leukocyte,PBMC,Homo sapiens,,GEX,,10/22/24,https://doi.org/10.3389/fimmu.2023.1223471,
FABP4,,Increased,Macrophage,Leukocyte,PBMC,Homo sapiens,,GEX,,10/22/24,https://doi.org/10.3389/fimmu.2023.1223471,
MCEMP1,,Increased,Macrophage,Leukocyte,PBMC,Homo sapiens,,GEX,,10/22/24,https://doi.org/10.3389/fimmu.2023.1223471,
MERTK,,Increased,Macrophage,Leukocyte,PBMC,Homo sapiens,,GEX,,10/22/24,https://doi.org/10.3389/fimmu.2023.1223471,
CD163,,Increased,Macrophage,Leukocyte,PBMC,Homo sapiens,,GEX,,10/22/24,https://doi.org/10.3389/fimmu.2023.1223471,
LGMN,,Increased,Macrophage,Leukocyte,PBMC,Homo sapiens,,GEX,,10/22/24,https://doi.org/10.3389/fimmu.2023.1223471,
PLA2G7,,Increased,Macrophage,Leukocyte,PBMC,Homo sapiens,,GEX,,10/22/24,https://doi.org/10.3389/fimmu.2023.1223471,
CSF1R,,Increased,Macrophage,Leukocyte,PBMC,Homo sapiens,,GEX,,10/22/24,https://doi.org/10.3389/fimmu.2023.1223471,
CYBB,,Increased,Macrophage,Leukocyte,PBMC,Homo sapiens,,GEX,,10/22/24,https://doi.org/10.3389/fimmu.2023.1223471,
NPL,,Increased,Macrophage,Leukocyte,PBMC,Homo sapiens,,GEX,,10/22/24,https://doi.org/10.3389/fimmu.2023.1223471,
FN1,,Increased,Macrophage,Leukocyte,PBMC,Homo sapiens,,GEX,,10/22/24,https://doi.org/10.3389/fimmu.2023.1223471,
IL1B,,Increased,Macrophage,Leukocyte,PBMC,Homo sapiens,,GEX,,10/22/24,https://doi.org/10.3389/fimmu.2023.1223471,
MS4A6A,,Increased,Macrophage,Leukocyte,PBMC,Homo sapiens,,GEX,,10/22/24,https://doi.org/10.3389/fimmu.2023.1223471,
FCER1Q,,Increased,Macrophage,Leukocyte,PBMC,Homo sapiens,,GEX,,10/22/24,https://doi.org/10.3389/fimmu.2023.1223471,
SLC4A10,,Increased,MAIT,Leukocyte,PBMC,Homo sapiens,,GEX,,10/16/24,https://doi.org/10.3390/ijms25073828,
TPSB2,,Increased,MAST,Leukocyte,PBMC,Homo sapiens,,GEX,,10/22/24,https://doi.org/10.3389/fimmu.2023.1223471,
TPSAB1,,Increased,MAST,Leukocyte,PBMC,Homo sapiens,,GEX,,10/22/24,https://doi.org/10.3389/fimmu.2023.1223471,
TPSD1,,Increased,MAST,Leukocyte,PBMC,Homo sapiens,,GEX,,10/22/24,https://doi.org/10.3389/fimmu.2023.1223471,
TESPA1,,Increased,MAST,Leukocyte,PBMC,Homo sapiens,,GEX,,10/22/24,https://doi.org/10.3389/fimmu.2023.1223471,
RGS13,,Increased,MAST,Leukocyte,PBMC,Homo sapiens,,GEX,,10/22/24,https://doi.org/10.3389/fimmu.2023.1223471,
SLC18A2,,Increased,MAST,Leukocyte,PBMC,Homo sapiens,,GEX,,10/22/24,https://doi.org/10.3389/fimmu.2023.1223471,
CPA3,,Increased,MAST,Leukocyte,PBMC,Homo sapiens,,GEX,,10/22/24,https://doi.org/10.3389/fimmu.2023.1223471,
MS4A2,,Increased,MAST,Leukocyte,PBMC,Homo sapiens,,GEX,,10/22/24,https://doi.org/10.3389/fimmu.2023.1223471,
HPGDS,,Increased,MAST,Leukocyte,PBMC,Homo sapiens,,GEX,,10/22/24,https://doi.org/10.3389/fimmu.2023.1223471,
ADCYAP1,,Increased,MAST,Leukocyte,PBMC,Homo sapiens,,GEX,,10/22/24,https://doi.org/10.3389/fimmu.2023.1223471,
HDC,,Increased,MAST,Leukocyte,PBMC,Homo sapiens,,GEX,,10/22/24,https://doi.org/10.3389/fimmu.2023.1223471,
FCER1A,,Increased,MAST,Leukocyte,PBMC,Homo sapiens,,GEX,,10/22/24,https://doi.org/10.3389/fimmu.2023.1223471,
GATA2,,Increased,MAST,Leukocyte,PBMC,Homo sapiens,,GEX,,10/22/24,https://doi.org/10.3389/fimmu.2023.1223471,
KIT,,Increased,MAST,Leukocyte,PBMC,Homo sapiens,,GEX,,10/22/24,https://doi.org/10.3389/fimmu.2023.1223471,
CLEC10A,,Increased,mDC,Leukocyte,PBMC,Homo sapiens,,GEX,med,11/1/24,https://www.sc-best-practices.org/cellular_structure/annotation.html,cellxgene
FCER1A,,Increased,mDC,Leukocyte,PBMC,Homo sapiens,,GEX,med,10/23/24,https://www.sc-best-practices.org/cellular_structure/annotation.html,cellxgene
CLEC10A,,Increased,mDC,Leukocyte,PBMC,Homo sapiens,,GEX,med,11/1/24,https://doi.org/10.3389/fimmu.2023.1223471,cellxgene
PF4,,Increased,Megakaryocyte,Leukocyte,PBMC,Homo sapiens,,GEX,high,11/1/24,https://doi.org/10.1038/s41587-020-0465-8,cellxgene
PPBP,,Increased,Megakaryocyte,Leukocyte,PBMC,Homo sapiens,,GEX,high,11/1/24,https://doi.org/10.1038/s41587-020-0465-8,cellxgene
GP5,,Increased,Megakaryocyte,Leukocyte,PBMC,Homo sapiens,,GEX,med,11/1/24,https://doi.org/10.1038/s41587-020-0465-8,cellxgene
ITGA2B,,Increased,Megakaryocyte,Leukocyte,PBMC,Homo sapiens,,GEX,low,11/1/24,https://doi.org/10.1038/s41587-020-0465-8,cellxgene
NRGN,,Increased,Megakaryocyte,Leukocyte,PBMC,Homo sapiens,,GEX,med,11/1/24,https://doi.org/10.1038/s41587-020-0465-8,cellxgene
TUBB1,,Increased,Megakaryocyte,Leukocyte,PBMC,Homo sapiens,,GEX,med,11/1/24,https://doi.org/10.1038/s41587-020-0465-8,cellxgene
SPARC,,Increased,Megakaryocyte,Leukocyte,PBMC,Homo sapiens,,GEX,med,11/1/24,https://doi.org/10.1038/s41587-020-0465-8,cellxgene
RGS18,,Increased,Megakaryocyte,Leukocyte,PBMC,Homo sapiens,,GEX,med,11/1/24,https://doi.org/10.1038/s41587-020-0465-8,cellxgene
MYL9,,Increased,Megakaryocyte,Leukocyte,PBMC,Homo sapiens,,GEX,med,11/1/24,https://doi.org/10.1038/s41587-020-0465-8,cellxgene
GNG11,,Increased,Megakaryocyte,Leukocyte,PBMC,Homo sapiens,,GEX,med,11/1/24,https://doi.org/10.1038/s41587-020-0465-8,cellxgene
CCL5,,Increased,Megakaryocyte,Leukocyte,PBMC,Homo sapiens,,GEX,low,11/1/24,cellxgene,cellxgene
SA00A9,,Increased,Monocyte,Leukocyte,PBMC,Homo sapiens,,GEX,archived,10/22/24,https://doi.org/10.3389/fimmu.2023.1223471,cellxgene
AIF1,,Increased,Monocyte,Leukocyte,PBMC,Homo sapiens,,GEX,med,10/22/24,https://doi.org/10.3389/fimmu.2023.1223471,cellxgene
TYROBP,,Increased,Myeloid,Leukocyte,PBMC,Homo sapiens,,GEX,high,11/1/24,https://doi.org/10.1038/s41587-020-0465-8,cellxgene
HLA-DMB,,Increased,Myeloid,Leukocyte,PBMC,Homo sapiens,,GEX,low,11/1/24,https://doi.org/10.3389/fimmu.2023.1223471,cellxgene
CST3,,Increased,Myeloid,Leukocyte,PBMC,Homo sapiens,,GEX,med,10/22/24,https://doi.org/10.3389/fimmu.2023.1223471,cellxgene
S100A10,,Increased,Myeloid,Leukocyte,PBMC,Homo sapiens,,GEX,med,10/31/24,https://pmc.ncbi.nlm.nih.gov/articles/PMC6728754/,cellxgene
CD74,,Increased,Myeloid,Leukocyte,PBMC,Homo sapiens,,GEX,med,10/31/24,https://pmc.ncbi.nlm.nih.gov/articles/PMC6728754/,cellxgene
LYZ,,Increased,Myeloid,Leukocyte,PBMC,Homo sapiens,,GEX,high,10/16/24,https://doi.org/10.3390/ijms25073828,cellxgene
CTSS,,Increased,Myeloid,Leukocyte,PBMC,Homo sapiens,,GEX,med,10/22/24,https://doi.org/10.3389/fimmu.2023.1223471,cellxgene
FCN1,,Increased,Myeloid,Leukocyte,PBMC,Homo sapiens,,GEX,high,10/22/24,https://doi.org/10.3389/fimmu.2023.1223471,cellxgene
FCER1G,,Increased,Myeloid,Leukocyte,PBMC,Homo sapiens,,GEX,med,11/1/24,cellxgene,cellxgene
HLA-DPA1,,Increased,Myeloid,Leukocyte,PBMC,Homo sapiens,,GEX,high,11/1/24,https://doi.org/10.1038/s41587-020-0465-8; https://doi.org/10.3389/fimmu.2023.1223471,cellxgene
HLA-DQA1,,Increased,Myeloid,Leukocyte,PBMC,Homo sapiens,,GEX,high,11/1/24,https://doi.org/10.1038/s41587-020-0465-8; https://doi.org/10.3389/fimmu.2023.1223471,cellxgene
HLA-DPB1,,Increased,Myeloid,Leukocyte,PBMC,Homo sapiens,,GEX,med,11/1/24,cellxgene,cellxgene
HLA-DRA,,Increased,Myeloid,Leukocyte,PBMC,Homo sapiens,,GEX,med,11/1/24,https://doi.org/10.3389/fimmu.2023.1223471; https://pmc.ncbi.nlm.nih.gov/articles/PMC6728754/,cellxgene
HLA-DRB1,,Increased,Myeloid,Leukocyte,PBMC,Homo sapiens,,GEX,med,11/1/24,cellxgene,cellxgene
HLA-DQB1,,Increased,Myeloid,Leukocyte,PBMC,Homo sapiens,,GEX,med,11/1/24,cellxgene,cellxgene
HLA-DRB5,,Increased,Myeloid,Leukocyte,PBMC,Homo sapiens,,GEX,med,11/1/24,cellxgene,cellxgene
CSF1R,,Increased,Neutrophil,Leukocyte,PBMC,Homo sapiens,,GEX,med,11/1/24,https://doi.org/10.1038/s41587-020-0465-8,cellxgene
CST3,,Decreased,Neutrophil,Myeloid,PBMC,Homo sapiens,,GEX,med,9/9/24,https://scanpy.readthedocs.io/en/stable/tutorials/basics/clustering-2017.html#finding-marker-genes,cellxgene
HBB,,Increased,Neutrophil,Leukocyte,PBMC,Homo sapiens,,GEX,med,11/1/24,cellxgene,cellxgene
ITGAX,,Increased,Neutrophil,Leukocyte,PBMC,Homo sapiens,,GEX,med,11/1/24,cellxgene,cellxgene
FCGR3B,,Increased,Neutrophil,Leukocyte,PBMC,Homo sapiens,,GEX,high,9/9/24,https://doi.org/10.1101/2024.08.14.607767,cellxgene
CSF3R,,Increased,Neutrophil,Leukocyte,PBMC,Homo sapiens,,GEX,high,9/9/24,https://doi.org/10.1101/2024.08.14.607767; https://doi.org/10.3389/fimmu.2023.1223471,cellxgene
FPR1,,Increased,Neutrophil,Leukocyte,PBMC,Homo sapiens,,GEX,med,10/22/24,https://doi.org/10.3389/fimmu.2023.1223471,cellxgene
CEACAM3,,Increased,Neutrophil,Leukocyte,PBMC,Homo sapiens,,GEX,archived,10/22/24,https://doi.org/10.3389/fimmu.2023.1223471,cellxgene
TNFRSF10C,,Increased,Neutrophil,Leukocyte,PBMC,Homo sapiens,,GEX,archived,10/22/24,https://doi.org/10.3389/fimmu.2023.1223471,cellxgene
PLXNC1,,Increased,Neutrophil,Leukocyte,PBMC,Homo sapiens,,GEX,low,10/22/24,https://doi.org/10.3389/fimmu.2023.1223471,cellxgene
FCAR,,Increased,Neutrophil,Leukocyte,PBMC,Homo sapiens,,GEX,archived,10/22/24,https://doi.org/10.3389/fimmu.2023.1223471,cellxgene
ABTB1,,Increased,Neutrophil,Leukocyte,PBMC,Homo sapiens,,GEX,low,10/22/24,https://doi.org/10.3389/fimmu.2023.1223471,cellxgene
SLC25A37,,Increased,Neutrophil,Leukocyte,PBMC,Homo sapiens,,GEX,high,10/22/24,https://doi.org/10.3389/fimmu.2023.1223471,cellxgene
CXCR1,,Increased,Neutrophil,Leukocyte,PBMC,Homo sapiens,,GEX,low,10/22/24,https://doi.org/10.3389/fimmu.2023.1223471,cellxgene
BCL6,,Increased,Neutrophil,Leukocyte,PBMC,Homo sapiens,,GEX,med,10/22/24,https://doi.org/10.3389/fimmu.2023.1223471,cellxgene
NCF2,,Increased,Neutrophil,Leukocyte,PBMC,Homo sapiens,,GEX,low,10/22/24,https://doi.org/10.3389/fimmu.2023.1223471,cellxgene
CXCR2,,Increased,Neutrophil,Leukocyte,PBMC,Homo sapiens,,GEX,med,10/22/24,https://doi.org/10.3389/fimmu.2023.1223471,cellxgene
MGAM,,Increased,Neutrophil,Leukocyte,PBMC,Homo sapiens,,GEX,low,10/22/24,https://doi.org/10.3389/fimmu.2023.1223471,cellxgene
FAM65B,,Increased,Neutrophil,Leukocyte,PBMC,Homo sapiens,,GEX,archived,10/22/24,https://doi.org/10.3389/fimmu.2023.1223471,cellxgene
THBD,,Increased,Neutrophil,Leukocyte,PBMC,Homo sapiens,,GEX,archived,10/22/24,https://doi.org/10.3389/fimmu.2023.1223471,cellxgene
LILRA2,,Increased,Neutrophil,Leukocyte,PBMC,Homo sapiens,,GEX,archived,10/22/24,https://doi.org/10.3389/fimmu.2023.1223471,cellxgene
CAMP,,Increased,Neutrophil,Leukocyte,PBMC,Homo sapiens,,GEX,low,10/22/24,https://doi.org/10.3389/fimmu.2023.1223471,cellxgene
TNFSF14,,Increased,Neutrophil,Leukocyte,PBMC,Homo sapiens,,GEX,archived,10/22/24,https://doi.org/10.3389/fimmu.2023.1223471,cellxgene
SEPX1,,Increased,Neutrophil,Leukocyte,PBMC,Homo sapiens,,GEX,archived,10/22/24,https://doi.org/10.3389/fimmu.2023.1223471,cellxgene
XPO6,,Increased,Neutrophil,Leukocyte,PBMC,Homo sapiens,,GEX,low,10/22/24,https://doi.org/10.3389/fimmu.2023.1223471,cellxgene
CD97,,Increased,Neutrophil,Leukocyte,PBMC,Homo sapiens,,GEX,archived,10/22/24,https://doi.org/10.3389/fimmu.2023.1223471,cellxgene
TNFRSF1A,,Increased,Neutrophil,Leukocyte,PBMC,Homo sapiens,,GEX,archived,10/22/24,https://doi.org/10.3389/fimmu.2023.1223471,cellxgene
S100A8,,Increased,Neutrophil,Myeloid,PBMC,Homo sapiens,,GEX,med,9/9/24,https://doi.org/10.1101/2024.08.14.607767,cellxgene
S100A9,,Increased,Neutrophil,Myeloid,PBMC,Homo sapiens,,GEX,med,9/9/24,cellxgene,cellxgene
CSF3R,,Increased,Neutrophil,Monocyte,PBMC,Homo sapiens,,GEX,med,11/1/24,cellxgene,cellxgene
KLRB1,,Increased,NK,Leukocyte,PBMC,Homo sapiens,,GEX,low,11/1/24,cellxgene,cellxgene
KLRD1,,Increased,NK,Leukocyte,PBMC,Homo sapiens,,GEX,low,11/1/24,cellxgene,cellxgene
NKG7,,Increased,NK,Leukocyte,PBMC,Homo sapiens,,GEX,high,10/16/24,https://doi.org/10.3390/ijms25073828,cellxgene
NCAM1,,Increased,NK,Leukocyte,PBMC,Homo sapiens,,GEX,archived,10/16/24,https://doi.org/10.3390/ijms25073828,cellxgene
GNLY,,Increased,NK,Leukocyte,PBMC,Homo sapiens,,GEX,high,10/22/24,https://doi.org/10.3389/fimmu.2023.1223471,cellxgene
FGFBP2,,Increased,NK,Leukocyte,PBMC,Homo sapiens,,GEX,med,10/22/24,https://doi.org/10.3389/fimmu.2023.1223471,cellxgene
KLRF1,,Increased,NK,Leukocyte,PBMC,Homo sapiens,,GEX,med,10/22/24,https://doi.org/10.3389/fimmu.2023.1223471,cellxgene
GZMH,,Increased,NK,Leukocyte,PBMC,Homo sapiens,,GEX,high,10/22/24,https://doi.org/10.3389/fimmu.2023.1223471,cellxgene
PRF1,,Increased,NK,Leukocyte,PBMC,Homo sapiens,,GEX,med,10/22/24,https://doi.org/10.3389/fimmu.2023.1223471,cellxgene
KLRD1,,Increased,NK,Leukocyte,PBMC,Homo sapiens,,GEX,med,10/22/24,https://doi.org/10.3389/fimmu.2023.1223471,cellxgene
GZMB,,Increased,NK,Leukocyte,PBMC,Homo sapiens,,GEX,high,10/22/24,https://doi.org/10.3389/fimmu.2023.1223471,cellxgene
SPON2,,Increased,NK,Leukocyte,PBMC,Homo sapiens,,GEX,med,10/22/24,https://doi.org/10.3389/fimmu.2023.1223471,cellxgene
CD56,CD56,Increased,NK,Leukocyte,PBMC,Homo sapiens,,GEX,archived,10/22/24,https://doi.org/10.3389/fimmu.2023.1223471,cellxgene
CD247,,Increased,NK,Leukocyte,PBMC,Homo sapiens,,GEX,med,10/23/24,https://www.sc-best-practices.org/cellular_structure/annotation.html,cellxgene
KLRB1,,Increased,NK,Leukocyte,PBMC,Homo sapiens,,GEX,high,11/1/24,https://doi.org/10.1038/s41587-020-0465-8,cellxgene
KLRD1,,Increased,NK,Leukocyte,PBMC,Homo sapiens,,GEX,med,11/1/24,https://doi.org/10.1038/s41587-020-0465-8,cellxgene
KLRF1,,Increased,NK,Leukocyte,PBMC,Homo sapiens,,GEX,med,11/1/24,https://doi.org/10.1038/s41587-020-0465-8,cellxgene
KLRC1,,Increased,NK,Leukocyte,PBMC,Homo sapiens,,GEX,archived,11/1/24,https://doi.org/10.1038/s41587-020-0465-8; https://doi.org/10.3389/fimmu.2023.1223471,cellxgene
KLRC2,,Increased,NK,Leukocyte,PBMC,Homo sapiens,,GEX,archived,11/1/24,https://doi.org/10.1038/s41587-020-0465-8,cellxgene
KLRC3,,Increased,NK,Leukocyte,PBMC,Homo sapiens,,GEX,archived,11/1/24,https://doi.org/10.1038/s41587-020-0465-8,cellxgene
KLRC4,,Increased,NK,Leukocyte,PBMC,Homo sapiens,,GEX,archived,11/1/24,https://doi.org/10.1038/s41587-020-0465-8,cellxgene
CD3D,,Decreased,NK,T,PBMC,Homo sapiens,,GEX,high,11/1/24,https://doi.org/10.1038/s41587-020-0465-8,cellxgene
CD3E,,Decreased,NK,T,PBMC,Homo sapiens,,GEX,high,11/1/24,https://doi.org/10.1038/s41587-020-0465-8,cellxgene
CD3G,,Decreased,NK,T,PBMC,Homo sapiens,,GEX,med,11/1/24,https://doi.org/10.1038/s41587-020-0465-8,cellxgene
FCGR3A,,Increased,NK,Leukocyte,PBMC,Homo sapiens,,GEX,low,11/1/24,https://doi.org/10.1038/s41587-020-0465-8,cellxgene
ITGAL,,Increased,NK,Leukocyte,PBMC,Homo sapiens,,GEX,archived,11/1/24,https://doi.org/10.1038/s41587-020-0465-8,cellxgene
ITGAM,,Increased,NK,Leukocyte,PBMC,Homo sapiens,,GEX,archived,11/1/24,https://doi.org/10.1038/s41587-020-0465-8,cellxgene
FCER1G,,Increased,NK,T,PBMC,Homo sapiens,,GEX,low,11/1/24,https://doi.org/10.1038/s41587-020-0465-8,cellxgene
TRAC,,Decreased,NK,T,PBMC,Homo sapiens,,GEX,low,11/1/24,https://doi.org/10.1038/s41587-020-0465-8,cellxgene
GZMA,,Increased,NK,Leukocyte,PBMC,Homo sapiens,,GEX,high,11/1/24,cellxgene,cellxgene
IFI30,,Increased,Non-classical monocyte,Leukocyte,PBMC,Homo sapiens,,GEX,low,10/31/24,https://pmc.ncbi.nlm.nih.gov/articles/PMC6728754/,cellxgene
CDKN1C,,Increased,Non-classical monocyte,Leukocyte,PBMC,Homo sapiens,,GEX,med,10/22/24,https://doi.org/10.3389/fimmu.2023.1223471;https://doi.org/10.1038/s41587-020-0465-8,cellxgene
LRRC25,,Increased,Non-classical monocyte,Leukocyte,PBMC,Homo sapiens,,GEX,med,10/22/24,https://doi.org/10.3389/fimmu.2023.1223471,cellxgene
TCF7L2,,Increased,Non-classical monocyte,Leukocyte,PBMC,Homo sapiens,,GEX,high,10/22/24,https://doi.org/10.3389/fimmu.2023.1223471,cellxgene
LYN,,Increased,Non-classical monocyte,Leukocyte,PBMC,Homo sapiens,,GEX,med,10/22/24,https://doi.org/10.3389/fimmu.2023.1223471,cellxgene
PILRA,,Increased,Non-classical monocyte,Leukocyte,PBMC,Homo sapiens,,GEX,archived,10/22/24,https://doi.org/10.3389/fimmu.2023.1223471,cellxgene
FCGR1A,,Increased,Non-classical monocyte,Leukocyte,PBMC,Homo sapiens,,GEX,archived,10/22/24,https://doi.org/10.3389/fimmu.2023.1223471,cellxgene
IF130,,Increased,Non-classical monocyte,Leukocyte,PBMC,Homo sapiens,,GEX,med,10/22/24,https://doi.org/10.3389/fimmu.2023.1223471,cellxgene
FCGR3A,,Increased,Non-classical monocyte,Classical monocyte,PBMC,Homo sapiens,,GEX,high,10/16/24,https://doi.org/10.3390/ijms25073828,cellxgene
FCGR3A,,Increased,Non-classical monocyte,Leukocyte,PBMC,Homo sapiens,,GEX,high,11/1/24,https://doi.org/10.1038/s41587-020-0465-8,cellxgene
ITGAL,,Increased,Non-classical monocyte,Leukocyte,PBMC,Homo sapiens,,GEX,archived,11/1/24,https://doi.org/10.1038/s41587-020-0465-8,cellxgene
ITGAM,,Increased,Non-classical monocyte,Leukocyte,PBMC,Homo sapiens,,GEX,archived,11/1/24,https://doi.org/10.1038/s41587-020-0465-8,cellxgene
CSF1R,,Increased,Non-classical monocyte,Leukocyte,PBMC,Homo sapiens,,GEX,archived,11/1/24,https://doi.org/10.1038/s41587-020-0465-8,cellxgene
CX3CR1,,Increased,Non-classical monocyte,Leukocyte,PBMC,Homo sapiens,,GEX,archived,11/1/24,https://doi.org/10.1038/s41587-020-0465-8,cellxgene
MS4A7,,Increased,Non-classical monocyte,Leukocyte,PBMC,Homo sapiens,,GEX,med,11/1/24,https://doi.org/10.1038/s41587-020-0465-8,cellxgene
COTL1,,Decreased,pDC,Dendritic,PBMC,Homo sapiens,,GEX,med,11/1/24,cellxgene,cellxgene
IL3RA,,Increased,pDC,Leukocyte,PBMC,Homo sapiens,,GEX,high,10/22/24,https://doi.org/10.3389/fimmu.2023.1223471,cellxgene
COBLL1,,Increased,pDC,Leukocyte,PBMC,Homo sapiens,,GEX,archived,10/23/24,https://www.sc-best-practices.org/cellular_structure/annotation.html,cellxgene
TCF4,,Increased,pDC,Leukocyte,PBMC,Homo sapiens,,GEX,high,10/23/24,https://www.sc-best-practices.org/cellular_structure/annotation.html,cellxgene
IL3RA,,Increased,pDC,Leukocyte,PBMC,Homo sapiens,,GEX,med,11/1/24,https://doi.org/10.1038/s41587-020-0465-8,cellxgene
GZMB,,Increased,pDC,Leukocyte,PBMC,Homo sapiens,,GEX,high,11/1/24,https://doi.org/10.1038/s41587-020-0465-8,cellxgene
JCHAIN,,Increased,pDC,Leukocyte,PBMC,Homo sapiens,,GEX,high,11/1/24,https://doi.org/10.1038/s41587-020-0465-8,cellxgene
IRF7,,Increased,pDC,Leukocyte,PBMC,Homo sapiens,,GEX,high,11/1/24,https://doi.org/10.1038/s41587-020-0465-8,cellxgene
TCF4,,Increased,pDC,Leukocyte,PBMC,Homo sapiens,,GEX,high,11/1/24,https://doi.org/10.1038/s41587-020-0465-8,cellxgene
LILRA4,,Increased,pDC,Leukocyte,PBMC,Homo sapiens,,GEX,high,11/1/24,https://doi.org/10.1038/s41587-020-0465-8,cellxgene
CLEC4C,,Increased,pDC,Leukocyte,PBMC,Homo sapiens,,GEX,med,11/1/24,https://doi.org/10.1038/s41587-020-0465-8; https://doi.org/10.3390/ijms25073828,cellxgene
CD19,,Decreased,Plasma,B,PBMC,Homo sapiens,,GEX,,10/22/24,https://doi.org/10.1002/eji.201747168,
CD20,,Decreased,Plasma,B,PBMC,Homo sapiens,,GEX,,10/22/24,https://doi.org/10.1002/eji.201747168,
CD138,,Increased,Plasma,Leukocyte,PBMC,Homo sapiens,,GEX,med,10/22/24,https://doi.org/10.1002/eji.201747168,missing
MZB1,,Increased,Plasma cell,Leukocyte,PBMC,Homo sapiens,,GEX,,10/23/24,https://www.sc-best-practices.org/cellular_structure/annotation.html,
HSP90B1,,Increased,Plasma cell,Leukocyte,PBMC,Homo sapiens,,GEX,,10/23/24,https://www.sc-best-practices.org/cellular_structure/annotation.html,
FNDC3B,,Increased,Plasma cell,Leukocyte,PBMC,Homo sapiens,,GEX,,10/23/24,https://www.sc-best-practices.org/cellular_structure/annotation.html,
PRDM1,,Increased,Plasma cell,Leukocyte,PBMC,Homo sapiens,,GEX,,10/23/24,https://www.sc-best-practices.org/cellular_structure/annotation.html,
IGKC,,Increased,Plasma cell,Leukocyte,PBMC,Homo sapiens,,GEX,,10/23/24,https://www.sc-best-practices.org/cellular_structure/annotation.html,
JCHAIN,,Increased,Plasma cell,Leukocyte,PBMC,Homo sapiens,,GEX,,10/23/24,https://www.sc-best-practices.org/cellular_structure/annotation.html,
CD38,,Increased,Plasma cell,Leukocyte,PBMC,Homo sapiens,,GEX,,11/1/24,https://doi.org/10.1038/s41587-020-0465-8,
XBP1,,Increased,Plasma cell,Leukocyte,PBMC,Homo sapiens,,GEX,,11/1/24,https://doi.org/10.1038/s41587-020-0465-8,
CD27,,Increased,Plasma cell,Leukocyte,PBMC,Homo sapiens,,GEX,,11/1/24,https://doi.org/10.1038/s41587-020-0465-8,
SLAMF7,,Increased,Plasma cell,Leukocyte,PBMC,Homo sapiens,,GEX,,11/1/24,https://doi.org/10.1038/s41587-020-0465-8,
CD19,,Decreased,Plasma cell,Leukocyte,PBMC,Homo sapiens,,GEX,,11/1/24,https://doi.org/10.1038/s41587-020-0465-8,
MS4A1,,Decreased,Plasma cell,Leukocyte,PBMC,Homo sapiens,,GEX,,11/1/24,https://doi.org/10.1038/s41587-020-0465-8,
CD3D,,Decreased,Plasma cell,Leukocyte,PBMC,Homo sapiens,,GEX,,11/1/24,https://doi.org/10.1038/s41587-020-0465-8,
CD3E,,Decreased,Plasma cell,Leukocyte,PBMC,Homo sapiens,,GEX,,11/1/24,https://doi.org/10.1038/s41587-020-0465-8,
CD3G,,Decreased,Plasma cell,Leukocyte,PBMC,Homo sapiens,,GEX,,11/1/24,https://doi.org/10.1038/s41587-020-0465-8,
IGHA1,,Increased,Plasma cell,Leukocyte,PBMC,Homo sapiens,,GEX,,11/1/24,https://doi.org/10.1038/s41587-020-0465-8,
IGHA2,,Increased,Plasma cell,Leukocyte,PBMC,Homo sapiens,,GEX,,11/1/24,https://doi.org/10.1038/s41587-020-0465-8,
IGHG1,,Increased,Plasma cell,Leukocyte,PBMC,Homo sapiens,,GEX,,11/1/24,https://doi.org/10.1038/s41587-020-0465-8,
IGHG2,,Increased,Plasma cell,Leukocyte,PBMC,Homo sapiens,,GEX,,11/1/24,https://doi.org/10.1038/s41587-020-0465-8,
IGHG3,,Increased,Plasma cell,Leukocyte,PBMC,Homo sapiens,,GEX,,11/1/24,https://doi.org/10.1038/s41587-020-0465-8,
IGHG4,,Increased,Plasma cell,Leukocyte,PBMC,Homo sapiens,,GEX,,11/1/24,https://doi.org/10.1038/s41587-020-0465-8,
MZB1,,Increased,Plasmablast,Leukocyte,PBMC,Homo sapiens,,GEX,,10/16/24,https://doi.org/10.3390/ijms25073828,
XBP1,,Increased,Plasmablast,Leukocyte,PBMC,Homo sapiens,,GEX,,10/23/24,https://www.sc-best-practices.org/cellular_structure/annotation.html,
RF4,,Increased,Plasmablast,Leukocyte,PBMC,Homo sapiens,,GEX,,10/23/24,https://www.sc-best-practices.org/cellular_structure/annotation.html,
PRDM1,,Increased,Plasmablast,Leukocyte,PBMC,Homo sapiens,,GEX,,10/23/24,https://www.sc-best-practices.org/cellular_structure/annotation.html,
PAX5,,Increased,Plasmablast,Leukocyte,PBMC,Homo sapiens,,GEX,,10/23/24,https://www.sc-best-practices.org/cellular_structure/annotation.html,
MKI67,,Increased,Proliferating,Leukocyte,PBMC,Homo sapiens,,GEX,,10/16/24,https://doi.org/10.3390/ijms25073828,
TRBC2,,Increased,T,Leukocyte,PBMC,Homo sapiens,,GEX,med,11/1/24,cellxgene,cellxgene
CD3D,,Increased,T,Leukocyte,PBMC,Homo sapiens,,GEX,high,10/22/24,https://doi.org/10.3389/fimmu.2023.1223471; https://doi.org/10.1038/s41587-020-0465-8,cellxgene
CD3G,,Increased,T,Leukocyte,PBMC,Homo sapiens,,GEX,high,10/22/24,https://doi.org/10.3389/fimmu.2023.1223471; https://doi.org/10.1038/s41587-020-0465-8,cellxgene
CD3E,,Increased,T,Leukocyte,PBMC,Homo sapiens,,GEX,high,10/22/24,https://doi.org/10.3389/fimmu.2023.1223471; https://doi.org/10.1038/s41587-020-0465-8,cellxgene
FOXP3,,Increased,T,Leukocyte,PBMC,Homo sapiens,,GEX,archived,11/1/24,https://doi.org/10.3389/fimmu.2023.1223471,cellxgene
IL2RA,,Increased,T,Leukocyte,PBMC,Homo sapiens,,GEX,archived,11/1/24,https://doi.org/10.3389/fimmu.2023.1223471,cellxgene
IL7R,,Increased,T,Leukocyte,PBMC,Homo sapiens,,GEX,high,10/22/24,https://doi.org/10.3389/fimmu.2023.1223471,cellxgene
TRAC,,Increased,T,Leukocyte,PBMC,Homo sapiens,,GEX,high,10/22/24,https://doi.org/10.3389/fimmu.2023.1223471; https://doi.org/10.1038/s41587-020-0465-8,cellxgene
CTLA4,,Increased,T,Leukocyte,PBMC,Homo sapiens,,GEX,archived,11/1/24,https://doi.org/10.3389/fimmu.2023.1223471,cellxgene
DFNB31,,Increased,T,Leukocyte,PBMC,Homo sapiens,,GEX,med,10/22/24,https://doi.org/10.3389/fimmu.2023.1223471,cellxgene
EOMES,,Increased,CD8+ T,Leukocyte,PBMC,Homo sapiens,,GEX,med,10/22/24,https://doi.org/10.3389/fimmu.2023.1223471,cellxgene
TIM3,,Increased,T,Leukocyte,PBMC,Homo sapiens,,GEX,med,10/22/24,https://doi.org/10.3389/fimmu.2023.1223471,cellxgene
TCF7,,Increased,T,Leukocyte,PBMC,Homo sapiens,,GEX,med,11/1/24,https://doi.org/10.1038/s41587-020-0465-8,cellxgene
CD27,,Increased,B memory,B naive,PBMC,Homo sapiens,,GEX,low,11/4/24,https://pmc.ncbi.nlm.nih.gov/articles/PMC6851823/,cellxgene
CD21,,Increased,B memory,B naive,PBMC,Homo sapiens,,GEX,med,11/4/24,https://pmc.ncbi.nlm.nih.gov/articles/PMC6851823/,cellxgene
IGHD,,Increased,B naive,Leukocyte,PBMC,Homo sapiens,,GEX,med,11/4/24,https://doi.org/10.1038/s41587-020-0465-8,cellxgene
FCRL1,,Increased,B naive,Leukocyte,PBMC,Homo sapiens,,GEX,med,11/4/24,https://www.sc-best-practices.org/cellular_structure/annotation.html,cellxgene
IGHM,,Increased,B naive,Leukocyte,PBMC,Homo sapiens,,GEX,med,11/4/24,https://doi.org/10.1038/s41587-020-0465-8,cellxgene
IL4R,,Increased,B naive,Leukocyte,PBMC,Homo sapiens,,GEX,med,11/4/24,https://www.sc-best-practices.org/cellular_structure/annotation.html,cellxgene
PAX5,,Increased,B,Leukocyte,PBMC,Homo sapiens,,GEX,med,11/4/24,https://www.sc-best-practices.org/cellular_structure/annotation.html,cellxgene
CD82,,Increased,B memory,B naive,PBMC,Homo sapiens,,GEX,med,11/4/24,https://doi.org/10.1002/jcla.20001,cellxgene
IGHA1,,Increased,B memory,B naive,PBMC,Homo sapiens,,GEX,med,11/4/24,https://doi.org/10.1002/jcla.20001,
IGHG1,,Increased,B memory,B naive,PBMC,Homo sapiens,,GEX,med,11/4/24,https://doi.org/10.1002/jcla.20001,
SARAF,,Increased,CD4+ T,Leukocyte,PBMC,Homo sapiens,,GEX,med,12/2/24,,cellxgene
LTB,,Increased,CD4+ T,CD8+ T,PBMC,Homo sapiens,,GEX,med,12/2/24,,cellxgene
LDHB,,Increased,CD4+ T,CD8+ T,PBMC,Homo sapiens,,GEX,med,12/2/24,,cellxgene
MAL,,Increased,CD4+ T,CD8+ T,PBMC,Homo sapiens,,GEX,med,12/2/24,,cellxgene
HES4,,Increased,Non-classical monocyte,Leukocyte,PBMC,Homo sapiens,,GEX,med,12/2/24,,cellxgene
FCN1,,Increased,Monocyte,Leukocyte,PBMC,Homo sapiens,,GEX,med,12/2/24,,cellxgene
HBB,,Increased,Erythrocyte,Leukocyte,PBMC,Homo sapiens,,GEX,med,12/5/24,cellxgene,cellxgene
SLC25A37,,Increased,Erythrocyte,Leukocyte,PBMC,Homo sapiens,,GEX,med,12/5/24,cellxgene,cellxgene
BLVRB,,Increased,Erythrocyte,Leukocyte,PBMC,Homo sapiens,,GEX,med,12/5/24,cellxgene,cellxgene
CTSS,,Increased,Monocyte,Leukocyte,PBMC,Homo sapiens,,GEX,med,12/9/24,https://doi.org/10.3389/fimmu.2023.1223471,cellxgene
FTL,,Increased,Monocyte,Leukocyte,PBMC,Homo sapiens,,GEX,med,12/9/24,cellxgene,cellxgene
CLC,,Increased,Granulocyte,Leukocyte,PBMC,Homo sapiens,,GEX,med,12/12/24,cellxgene,cellxgene
CPA3,,Increased,Granulocyte,Leukocyte,PBMC,Homo sapiens,,GEX,med,12/12/24,cellxgene,cellxgene
GATA2,,Increased,Granulocyte,Leukocyte,PBMC,Homo sapiens,,GEX,med,12/12/24,cellxgene,cellxgene
HDC,,Increased,Granulocyte,Leukocyte,PBMC,Homo sapiens,,GEX,med,12/12/24,cellxgene,cellxgene
HPGDS,,Increased,Granulocyte,Leukocyte,PBMC,Homo sapiens,,GEX,med,12/12/24,cellxgene,cellxgene